Company,Actual,Predicted,Absolute Error,Percentage Error
Zilch (Financial Software),1091.29,1005.1875265301403,86.10247346985969,5.580375522307098
Zenjob,257.935,279.2798522570855,24.079179789169416,6.961543348752597
